가루/오일,감자전분,1
가루/오일,강황가루,2
가루/오일,겨자가루,3
가루/오일,계피가루,4
가루/오일,고추기름,5
가루/오일,고춧가루,6
가루/오일,기름,7
가루/오일,녹말,8
가루/오일,도토리가루,9
가루/오일,들기름,10
가루/오일,들깨가루,11
가루/오일,땅콩가루,12
가루/오일,땅콩기름,13
가루/오일,라면스프,14
가루/오일,레몬소금,15
가루/오일,레시틴가루,16
가루/오일,마늘/양파 파우더,17
가루/오일,마늘가루,18
가루/오일,맛소금,19
가루/오일,머스터드 파우더,20
가루/오일,메밀가루,21
가루/오일,멸치가루,22
가루/오일,미숫가루,23
가루/오일,밀가루,24
가루/오일,바질가루,25
가루/오일,박력분,26
가루/오일,백년초가루,27
가루/오일,베이킹소다,28
가루/오일,베이킹파우더,29
가루/오일,보릿가루,30
가루/오일,복분자가루,31
가루/오일,볶은 참깨가루,32
가루/오일,부침가루,33
가루/오일,빵가루,34
가루/오일,뽕잎가루,35
가루/오일,삼색분말,36
가루/오일,새우가루,37
가루/오일,생강가루,38
가루/오일,설탕,39
가루/오일,소금,40
가루/오일,식용유,41
가루/오일,쌀가루,42
가루/오일,쑥가루,43
가루/오일,알긴산,44
가루/오일,양파가루,45
가루/오일,염화칼슘,46
가루/오일,엿기름,47
가루/오일,옥수수가루,48
가루/오일,옥수수유,49
가루/오일,옥수수전분,50
가루/오일,올리브유,51
가루/오일,울금가루,52
가루/오일,이스트,53
가루/오일,잣가루,54
가루/오일,저염간장,55
가루/오일,전분,56
가루/오일,전분가루,57
가루/오일,제빵개량제,58
가루/오일,중력분,59
가루/오일,짜장가루,60
가루/오일,참기름,61
가루/오일,찹쌀가루,62
가루/오일,청포묵가루,63
가루/오일,치자가루,64
가루/오일,카놀라유,65
가루/오일,카레가루,66
가루/오일,카스테라,67
가루/오일,카스테라가루,68
가루/오일,코코넛가루,69
가루/오일,코코아파우더,70
가루/오일,콩가루,71
가루/오일,콩기름,72
가루/오일,큐민파우더,73
가루/오일,탈지분유,74
가루/오일,튀김가루,75
가루/오일,파슬리가루,76
가루/오일,파프리카가루,77
가루/오일,포도씨유,78
가루/오일,표고버섯가루,79
가루/오일,함초가루,80
가루/오일,함초소금,81
가루/오일,핫케이크가루,82
가루/오일,허브소금,83
가루/오일,현미가루,84
가루/오일,현미유,85
가루/오일,호떡가루,86
가루/오일,호박가루,87
가루/오일,효모가루,88
가루/오일,후추,89
가루/오일,후춧가루,90
가루/오일,흑임자가루,91
과일,귤,92
과일,딸기,93
과일,라임,94
과일,라즈베리,95
과일,레몬,96
과일,망고,97
과일,매실,98
과일,멜론,99
과일,모과,100
과일,무화과,101
과일,바나나,102
과일,배,103
과일,백년초,104
과일,복분자,105
과일,복숭아,106
과일,블루베리,107
과일,사과,108
과일,산딸기,109
과일,석류,110
과일,수박,111
과일,오렌지,112
과일,오미자,113
과일,유자,114
과일,자두,115
과일,자몽,116
과일,제철과일,117
과일,참외,118
과일,청포도,119
과일,체리,120
과일,체리토마토,121
과일,크랜베리,122
과일,키위,123
과일,파인애플,124
과일,포도,125
과일,푸룬,126
과일,풋사과,127
과일,홍시,128
견과/건과,감말랭이,129
견과/건과,건블루베리,130
견과/건과,건포도,131
견과/건과,견과류,132
견과/건과,곶감,133
견과/건과,넛맥,134
견과/건과,땅콩,135
견과/건과,마카다미아,136
견과/건과,말린 자두,137
견과/건과,말린 토마토,138
견과/건과,말린오미자,139
견과/건과,아몬드,140
견과/건과,잡곡,141
견과/건과,잣,142
견과/건과,진피,143
견과/건과,캐슈넛,144
견과/건과,피스타치오,145
견과/건과,해바라기씨,146
견과/건과,헤이즐넛,147
견과/건과,호두,148
견과/건과,호박씨,149
견과/건과,혼합견과,150
냉동/간편요리,가다랑어장국,151
냉동/간편요리,딸기냉동,152
냉동/간편요리,떡,153
냉동/간편요리,라면,154
냉동/간편요리,만두,155
냉동/간편요리,스펀지케익,156
냉동/간편요리,식빵,157
냉동/간편요리,아이스크림,158
냉동/간편요리,젤라틴,159
냉동/간편요리,조랭이떡,160
냉동/간편요리,증편,161
냉동/간편요리,지단,162
냉동/간편요리,찹쌀떡,163
냉동/간편요리,채소육수,164
냉동/간편요리,춘권피,165
냉동/간편요리,쿠스쿠스,166
냉동/간편요리,크래커,167
냉동/간편요리,크로와상,168
냉동/간편요리,튀밥,169
냉동/간편요리,파스타,170
냉동/간편요리,판젤라틴,171
냉동/간편요리,펜넬파스타,172
냉동/간편요리,포카치아빵,173
냉동/간편요리,폴렌타,174
면/통조림,곤약국수,175
면/통조림,국수,176
면/통조림,귤통조림,177
면/통조림,당면,178
면/통조림,딸기잼,179
면/통조림,땅콩버터,180
면/통조림,또띠아,181
면/통조림,라면,182
면/통조림,라이스페이퍼,183
면/통조림,락교,184
면/통조림,리치캔,185
면/통조림,만두피,186
면/통조림,메밀국수,187
면/통조림,메밀면,188
면/통조림,멸치젓갈,189
면/통조림,명란젓,190
면/통조림,무장아찌,191
면/통조림,바게트,192
면/통조림,바케트,193
면/통조림,백년초국수,194
면/통조림,베이키드빈스,195
면/통조림,빵,196
면/통조림,뽕잎국수,197
면/통조림,소면,198
면/통조림,스파게티면,199
면/통조림,스팸,200
면/통조림,쌀국수,201
면/통조림,에그누들,202
면/통조림,연어캔,203
면/통조림,옥수수통조림,204
면/통조림,우동,205
면/통조림,죽순통조림,206
면/통조림,중화면,207
면/통조림,참치캔,208
면/통조림,치자국수,209
면/통조림,칼국수,210
면/통조림,토마토홀,211
면/통조림,토마토홀캔,212
면/통조림,통조림콩,213
면/통조림,파스타면,214
면/통조림,파인애플통조림,215
면/통조림,포도통조림,216
면/통조림,푸실리,217
면/통조림,피클,218
면/통조림,황도,219
면/통조림,후르츠칵테일,220
반찬/샐러드,깻잎장아찌,222
반찬/샐러드,샐러드,223
반찬/샐러드,할라피뇨,224
생수/음료,노두유,226
생수/음료,당근주스,227
생수/음료,대추차,228
생수/음료,두유,229
생수/음료,라임주스,230
생수/음료,레드와인,231
생수/음료,레몬주스,232
생수/음료,막걸리,233
생수/음료,맥주,234
생수/음료,물,235
생수/음료,배즙,236
생수/음료,사과주스,237
생수/음료,사과즙,238
생수/음료,사이다,239
생수/음료,생강즙,240
생수/음료,석류주스,241
생수/음료,소주,242
생수/음료,식혜,243
생수/음료,얼음,244
생수/음료,오렌지주스,245
생수/음료,오렌지즙,246
생수/음료,와인,247
생수/음료,코코넛밀크,248
생수/음료,탄산수,249
생수/음료,파인애플주스,250
생수/음료,파인애플즙,251
생수/음료,포도주,252
생수/음료,포도주스,253
생수/음료,호이트와인,254
생수/음료,화이트와인,255
유제품/아이스크림,그라나파다노 치즈,256
유제품/아이스크림,그릭요거트,257
유제품/아이스크림,까망베르치즈,258
유제품/아이스크림,두유,259
유제품/아이스크림,리코타치즈,260
유제품/아이스크림,마스카르포네치즈,261
유제품/아이스크림,모짜렐라 치즈,262
유제품/아이스크림,모짜렐라치즈,263
유제품/아이스크림,바닐라아이스크림,264
유제품/아이스크림,버터,265
유제품/아이스크림,사워크림,266
유제품/아이스크림,생크림,267
유제품/아이스크림,스위스치즈,268
유제품/아이스크림,에멘탈치즈,269
유제품/아이스크림,연유,270
유제품/아이스크림,요거트,271
유제품/아이스크림,요구르트,272
유제품/아이스크림,우유,273
유제품/아이스크림,체다치즈,274
유제품/아이스크림,치즈,275
유제품/아이스크림,치즈가루,276
유제품/아이스크림,크림,277
유제품/아이스크림,크림소스,278
유제품/아이스크림,크림치즈,279
유제품/아이스크림,파마산 치즈,280
유제품/아이스크림,플레인요거트,281
유제품/아이스크림,피자치즈,282
유제품/아이스크림,휘핑크림,283
소스,간장,284
소스,감초액,285
소스,겨자,286
소스,고추냉이,287
소스,고추장,288
소스,국간장,289
소스,굴소스,290
소스,깨소금,291
소스,꿀,292
소스,닭육수,293
소스,데리야끼소스,294
소스,데미글라스소스,295
소스,돈가스소스,296
소스,된장,297
소스,두반장,298
소스,드레싱,299
소스,레드와인식초,300
소스,레몬즙,301
소스,마요네즈,302
소스,맛간장,303
소스,맛술,304
소스,매실액,305
소스,매실청,306
소스,머스타드,307
소스,먹물,308
소스,메이플시럽,309
소스,멸치간장,310
소스,멸치견과류쌈장,311
소스,멸치액젓,312
소스,물엿,313
소스,미림,314
소스,미소,315
소스,미소된장,316
소스,미트소스,317
소스,미향,318
소스,바나나식초,319
소스,바닐라시럽,320
소스,바닐라에센스,321
소스,발사믹식초,322
소스,발사믹크레마,323
소스,발사믹크림,324
소스,빠금장,325
소스,살사,326
소스,새우젓,327
소스,생강즙,328
소스,샤브샤브소스,329
소스,설탕,330
소스,소금,331
소스,소스,332
소스,슈가파우더,333
소스,스테비아,334
소스,시즈닝,335
소스,식초,336
소스,쌈장,337
소스,액젓,338
소스,약간장,339
소스,양념,340
소스,양조간장,341
소스,양조식초,342
소스,양파즙,343
소스,어간장,344
소스,오리엔탈소스 식초,345
소스,올리고당,346
소스,요리당,347
소스,우스터소스,348
소스,유자청,349
소스,육수,350
소스,저염간장,351
소스,저염된장,352
소스,젓갈,353
소스,정종,354
소스,정향,355
소스,조림장,356
소스,조청,357
소스,죽염,358
소스,진간장,359
소스,참기름,360
소스,천연조미료,361
소스,천일염,362
소스,청국장,363
소스,청주,364
소스,초고추장,365
소스,치킨스톡,366
소스,칠리소스,367
소스,칠리파우더,368
소스,카레소스,369
소스,케첩,370
소스,코코넛설탕,371
소스,타비스코소스,372
소스,토마토소스,373
소스,토마토콩카세,374
소스,페이스트,375
소스,포도식초,376
소스,피쉬소스,377
소스,하얀된장,378
소스,핫소스,379
소스,해선장,380
소스,허브식초,381
소스,홀그레인머스터드,382
소스,홍삼진액,383
소스,홍초,384
소스,화이트와인식초,385
소스,화이트크림,386
소스,후추,387
소스,후춧가루,388
소스,흑마늘액,389
소스,흑초,390
축산/계란,갈비,391
축산/계란,계란,392
축산/계란,닭고기,393
축산/계란,돼지갈비,394
축산/계란,돼지고기,395
축산/계란,돼지등갈비,396
축산/계란,돼지등뼈,397
축산/계란,돼지머리,398
축산/계란,돼지소장,399
축산/계란,등갈비,400
축산/계란,등뼈,401
축산/계란,떡갈비,402
축산/계란,메추라기,403
축산/계란,메추리알,404
축산/계란,베이컨,405
축산/계란,살라미,406
축산/계란,소고기,407
축산/계란,소꼬리,408
축산/계란,소시지,409
축산/계란,오리고기,410
축산/계란,족발,411
축산/계란,쪽갈비,412
축산/계란,콩고기,413
축산/계란,햄,414
축산/계란,훈제오리,415
커피/차,계피,416
커피/차,귤병,417
커피/차,녹차,418
커피/차,로즈마리,419
커피/차,바질,420
커피/차,커피,421
커피/차,타임,422
쌀/잡곡,가래떡,423
쌀/잡곡,검은콩,424
쌀/잡곡,곤약미,425
쌀/잡곡,귀리,426
쌀/잡곡,깨,427
쌀/잡곡,꽁보리,428
쌀/잡곡,누룽지,429
쌀/잡곡,들깨,430
쌀/잡곡,들깨가루,431
쌀/잡곡,떡,432
쌀/잡곡,렌틸콩,433
쌀/잡곡,메밀,434
쌀/잡곡,백미,435
쌀/잡곡,보리,436
쌀/잡곡,보리쌀,437
쌀/잡곡,비지,438
쌀/잡곡,수수,439
쌀/잡곡,쌀,440
쌀/잡곡,쌀떡,441
쌀/잡곡,오곡,442
쌀/잡곡,오트밀,443
쌀/잡곡,옥수수,444
쌀/잡곡,율무,445
쌀/잡곡,은행,446
쌀/잡곡,참깨,447
쌀/잡곡,찹쌀,448
쌀/잡곡,튀밥,449
쌀/잡곡,현미,450
쌀/잡곡,현미찹쌀,451
쌀/잡곡,현미튀밥,452
쌀/잡곡,홀그레인,453
쌀/잡곡,흑미,454
쌀/잡곡,흑임자,455
초콜릿/시럽,블루베리잼,456
초콜릿/시럽,초콜릿,457
초콜릿/시럽,화이트초콜릿,458
채소,민트,459
채소,바닐라빈,460
채소,바질,461
채소,밤,462
채소,밤고구마,463
채소,밤콩,464
채소,방울토마토,465
채소,배추,466
채소,배추김치,467
채소,백김치,468
채소,백만송이버섯,469
채소,백앙금,470
채소,백일송이버섯,471
채소,무,472
채소,가시오가피,473
채소,가지,474
채소,감자,475
채소,강낭콩,476
채소,계피,477
채소,고구마,478
채소,고구마순,479
채소,고구마칩,480
채소,고사리,481
채소,고수,482
채소,고수 씨앗,483
채소,고추,484
채소,곤드레,485
채소,곤약,486
채소,곰취,487
채소,곰피,488
채소,구기자,489
채소,그린비타민,490
채소,근대,491
채소,김치,492
채소,깍두기,493
채소,깻잎,494
채소,깻잎순,495
채소,꽃상추,496
채소,꽈리고추,497
채소,낫토,498
채소,냉이,499
채소,노루궁뎅이버섯,500
채소,녹두,501
채소,녹두묵,502
채소,느타리버섯,503
채소,단무지,504
채소,단배추,505
채소,단호박,506
채소,달래,507
채소,당귀,508
채소,당근,509
채소,대두,510
채소,대추,511
채소,대파,512
채소,더덕,513
채소,도라지,514
채소,도토리묵,515
채소,돈나물,516
채소,돌나물,517
채소,돌미나리,518
채소,동초,519
채소,동치미,520
채소,돼지호박,521
채소,두릅,522
채소,두부,523
채소,두절콩나물,524
채소,딜,525
채소,땅콩호박,526
채소,라디치오,527
채소,레드어니언,528
채소,레드치커리,529
채소,레디쉬,530
채소,레몬그라스,531
채소,로메인,532
채소,로즈마리,533
채소,로즈마리마른것,534
채소,로즈케일,535
채소,루꼴라,536
채소,마,537
채소,마늘,538
채소,마늘쫑,539
채소,만송이버섯,540
채소,머스터드씨,541
채소,머위대,542
채소,메주콩,543
채소,목이버섯,544
채소,무말랭이,545
채소,무순,546
채소,무청,547
채소,무청시래기,548
채소,묵,549
채소,물김치,550
채소,물냉이,551
채소,물밤,552
채소,미나리,553
채소,민들레,554
채소,백합,555
채소,버섯,556
채소,베이비채소,557
채소,병아리콩,558
채소,보라로즈케일,559
채소,봄동,560
채소,부추,561
채소,브로컬리,562
채소,비름,563
채소,비지,564
채소,비타민,565
채소,비트,566
채소,뿌리채소,567
채소,산마,568
채소,상추,569
채소,새송이버섯,570
채소,새싹채소,571
채소,샐러드,572
채소,샐러리,573
채소,생강,574
채소,샬롯,575
채소,석박지,576
채소,석이버섯,577
채소,세발나물,578
채소,수수,579
채소,숙주,580
채소,순두부,581
채소,순무,582
채소,시금치,583
채소,시래기,584
채소,식용꽃,585
채소,신선초,586
채소,실고추,587
채소,실파,588
채소,쌈무,589
채소,쌈채소,590
채소,쑥,591
채소,쑥갓,592
채소,아보카도,593
채소,아스파라거스,594
채소,아욱,595
채소,애느타리버섯,596
채소,애플민트,597
채소,애호박,598
채소,앤쵸비,599
채소,야채육수,600
채소,야콘,601
채소,양배추,602
채소,양상추,603
채소,양송이버섯,604
채소,양파,605
채소,연근,606
채소,연두,607
채소,연두부,608
채소,열무김치,609
채소,오레가노,610
채소,오이,611
채소,오이피클,612
채소,옥수수,613
채소,올리브,614
채소,완두콩,615
채소,우거지,616
채소,우무묵,617
채소,우뭇가사리,618
채소,우엉,619
채소,월계수,620
채소,율무,621
채소,인삼,622
채소,적양배추,623
채소,적양파,624
채소,적채,625
채소,제비콩,626
채소,조,627
채소,좁쌀,628
채소,주니퍼베리,629
채소,주키니호박,630
채소,죽순,631
채소,쥬키니호박,632
채소,진달래꽃,633
채소,쪽파,634
채소,차이브,635
채소,참나물,636
채소,참다래,637
채소,참마,638
채소,청경채,639
채소,청고추,640
채소,청양고추,641
채소,청포묵,642
채소,취나물,643
채소,치자,644
채소,치커리,645
채소,카옌페퍼,646
채소,컬리플라워,647
채소,케이퍼,648
채소,케일,649
채소,코코넛슬라이스,650
채소,콜라비,651
채소,콜리플라워,652
채소,콩,653
채소,콩나물,654
채소,콩비지,655
채소,퀴노아,656
채소,큐민,657
채소,큐민씨,658
채소,타임,659
채소,토란,660
채소,토마토,661
채소,통깨,662
채소,파슬리,663
채소,파프리카,664
채소,팥,665
채소,팥앙금,666
채소,팽이버섯,667
채소,페투치네,668
채소,표고버섯,669
채소,풋고추,670
채소,풋마늘,671
채소,피망,672
채소,하수오,673
채소,할라피뇨,674
채소,허브,675
채소,허브크러스트,676
채소,호박,677
채소,호박고구마,678
채소,호박잎,679
채소,호부추,680
채소,홍고추,681
채소,황금팽이버섯,678
채소,황기,679
채소,후추,680
채소,흑임자묵,681
수산물/건어,가다랑어포,682
수산물/건어,가쓰오부시,683
수산물/건어,가자미,684
수산물/건어,갈치,685
수산물/건어,갑오징어,686
수산물/건어,건오징어,687
수산물/건어,게,688
수산물/건어,게맛살,689
수산물/건어,게살,690
수산물/건어,고등어,691
수산물/건어,골뱅이,692
수산물/건어,과메기,693
수산물/건어,관자,694
수산물/건어,광어,695
수산물/건어,굴,696
수산물/건어,금태,697
수산물/건어,김,698
수산물/건어,꼬막,699
수산물/건어,꼬시래기,700
수산물/건어,꽁치,701
수산물/건어,낙지,702
수산물/건어,날치알,703
수산물/건어,다슬기,704
수산물/건어,다시다,705
수산물/건어,다시마,706
수산물/건어,대구,707
수산물/건어,대하,708
수산물/건어,도미,709
수산물/건어,동태살,710
수산물/건어,동태포,711
수산물/건어,디포리,712
수산물/건어,마른새우,713
수산물/건어,맛살,714
수산물/건어,매생이,715
수산물/건어,멍게살,716
수산물/건어,멸치,717
수산물/건어,명태,718
수산물/건어,명태코다리,719
수산물/건어,모시조개,720
수산물/건어,문어,721
수산물/건어,미더덕,722
수산물/건어,미역,723
수산물/건어,미역줄기,724
수산물/건어,민어,725
수산물/건어,바지락,726
수산물/건어,병어,727
수산물/건어,보리새우,728
수산물/건어,북어,729
수산물/건어,북어머리,730
수산물/건어,삼치,731
수산물/건어,새뱅이,732
수산물/건어,새우,733
수산물/건어,생선,734
수산물/건어,소라,735
수산물/건어,실치,736
수산물/건어,아귀,737
수산물/건어,어묵,738
수산물/건어,연어,739
수산물/건어,오징어,740
수산물/건어,우렁,741
수산물/건어,유부,742
수산물/건어,장어,743
수산물/건어,전복,744
수산물/건어,조개,745
수산물/건어,조기,746
수산물/건어,주꾸미,747
수산물/건어,진미채,748
수산물/건어,쭈꾸미,749
수산물/건어,참치,750
수산물/건어,천사채,751
수산물/건어,청각,752
수산물/건어,칵테일새우,753
수산물/건어,코다리,754
수산물/건어,키조개,755
수산물/건어,톳,756
수산물/건어,파래,757
수산물/건어,파래김,758
수산물/건어,패주,759
수산물/건어,함초,760
수산물/건어,해물,761
수산물/건어,해삼,762
수산물/건어,해조류,763
수산물/건어,해초,764
수산물/건어,홍합,765
수산물/건어,황태,766
수산물/건어,황태머리,767
수산물/건어,황태채,768
수산물/건어,황태포,769
수산물/건어,훈제연어,770
수산물/건어,흰살생선,771
