가루/오일,감자전분,감자전분
가루/오일,강황가루,강황가루
가루/오일,강황가루,강황가루
가루/오일,겨자가루,겨자가루
가루/오일,겨자가루,겨자분말
가루/오일,겨자가루,겨자가루
가루/오일,계피가루,계피가루
가루/오일,고추기름,고추기름
가루/오일,고춧가루,고운 고춧가루
가루/오일,고춧가루,고운고춧가루
가루/오일,고춧가루,고춧가루
가루/오일,고춧가루,굵은 고춧가루
가루/오일,고춧가루,고춧가루
가루/오일,기름,기름
가루/오일,기름,식물성기름
가루/오일,기름,튀김기름
가루/오일,기름,파기름
가루/오일,녹말,녹말
가루/오일,녹말,녹말가루
가루/오일,녹말,녹말물
가루/오일,녹말,물녹말
가루/오일,도토리가루,도토리가루
가루/오일,들기름,들기름
가루/오일,들기름,생들기름
가루/오일,들기름,들기름
가루/오일,들깨가루,거피들깨가루
가루/오일,들깨가루,거피한 들깨가루
가루/오일,들깨가루,들깨가루
가루/오일,들깨가루,들깻가루
가루/오일,땅콩가루,땅콩가루
가루/오일,땅콩기름,땅콩기름
가루/오일,라면스프,라면스프
가루/오일,레몬소금,레몬소금
가루/오일,레시틴가루,레시틴가루
가루/오일,마늘/양파 파우더,마늘/양파 파우더
가루/오일,마늘가루,마늘가루
가루/오일,맛소금,맛소금
가루/오일,머스터드 파우더,머스터드 파우더
가루/오일,메밀가루,메밀가루
가루/오일,멸치가루,멸치가루
가루/오일,미숫가루,미숫가루
가루/오일,밀가루,강력분
가루/오일,밀가루,덧밀가루
가루/오일,밀가루,밀가루
가루/오일,밀가루,우리밀 햇밀가루
가루/오일,밀가루,우리밀가루
가루/오일,밀가루,유기농 밀가루
가루/오일,밀가루,중력분
가루/오일,바질가루,바질가루
가루/오일,박력분,밀가루박력분
가루/오일,박력분,박력분
가루/오일,백년초가루,백년초 가루
가루/오일,백년초가루,백년초가루
가루/오일,백년초가루,백련초가루
가루/오일,베이킹소다,베이킹소다
가루/오일,베이킹파우더,베이킹 파우더
가루/오일,베이킹파우더,베이킹파우더
가루/오일,베이킹파우더,저나트륨 베이킹 파우더
가루/오일,보릿가루,보릿가루
가루/오일,복분자가루,복분자가루
가루/오일,볶은 참깨가루,볶은 참깨가루
가루/오일,부침가루,부침가루
가루/오일,빵가루,빵가루
가루/오일,뽕잎가루,뽕잎가루
가루/오일,삼색분말,삼색분말
가루/오일,새우가루,건 새우가루
가루/오일,새우가루,새우가루
가루/오일,생강가루,생강가루
가루/오일,생강가루,시나몬가루
가루/오일,설탕,백설탕
가루/오일,설탕,황설탕
가루/오일,설탕,흑설탕
가루/오일,설탕,흰설탕
가루/오일,소금,볶은소금
가루/오일,식용유,식용류
가루/오일,식용유,식용유
가루/오일,식용유,식용유 약간 참깨드레싱: 참깨
가루/오일,식용유,식용유
가루/오일,식용유,식용유
가루/오일,쌀가루,멥쌀가루
가루/오일,쑥가루,쑥가루
가루/오일,알긴산,알긴산
가루/오일,양파가루,양파가루
가루/오일,염화칼슘,염화칼슘
가루/오일,엿기름,엿기름
가루/오일,옥수수가루,옥수수가루
가루/오일,옥수수가루,옥수수가루플렌타가루
가루/오일,옥수수유,옥수수유
가루/오일,옥수수전분,옥수수전분
가루/오일,올리브유,올리 브유
가루/오일,올리브유,올리브오일
가루/오일,올리브유,올리브유
가루/오일,올리브유,올리브유엑스트라버전
가루/오일,울금가루,울금가루
가루/오일,이스트,이스트
가루/오일,잣가루,잣가루
가루/오일,저염간장,저염간장
가루/오일,전분,물전분
가루/오일,전분가루,전분
가루/오일,전분가루,전분가루
가루/오일,제빵개량제,제빵개량제
가루/오일,중력분,밀가루중력분
가루/오일,짜장가루,자장분말
가루/오일,참기름,참기름
가루/오일,찹쌀가루,새알심 찹쌀가루
가루/오일,찹쌀가루,젖은 찹쌀가루
가루/오일,찹쌀가루,찹쌀가루
가루/오일,청포묵가루,청포묵 가루
가루/오일,치자가루,치자가루
가루/오일,카놀라유,카놀라유
가루/오일,카레가루,카레가루
가루/오일,카레가루,카레가루
가루/오일,카레가루,커리가루
가루/오일,카스테라,카스테라
가루/오일,카스테라,카스텔라
가루/오일,카스테라가루,카스텔라가루
가루/오일,코코넛가루,코코넛가루
가루/오일,코코아파우더,코코아파우더
가루/오일,콩가루,날콩가루
가루/오일,콩가루,콩가루
가루/오일,콩기름,대두유
가루/오일,콩기름,콩기름
가루/오일,큐민파우더,큐민파우더
가루/오일,탈지분유,탈지분유
가루/오일,튀김가루,튀김가루
가루/오일,튀김가루,튀김반죽
가루/오일,파슬리가루,파스리가루
가루/오일,파슬리가루,파슬리가루
가루/오일,파프리카가루,파프리카 가루
가루/오일,파프리카가루,파프리카가루
가루/오일,포도씨유,포도씨유
가루/오일,표고버섯가루,표고버섯가루
가루/오일,함초가루,함초가루
가루/오일,함초소금,함초소금
가루/오일,핫케이크가루,핫케이크가루
가루/오일,허브소금,허브소금
가루/오일,현미가루,현미가루
가루/오일,현미유,현미유
가루/오일,호떡가루,호떡반죽
가루/오일,호박가루,호박가루
가루/오일,효모가루,효모
가루/오일,후추,백후추
가루/오일,후추,후추
가루/오일,후추,후추
가루/오일,후추,후추가루
가루/오일,후추,후춧가루
가루/오일,후추,흰 후추
가루/오일,후추,흰 후춧가루
가루/오일,후추,흰추후
가루/오일,후추,흰후추
가루/오일,후추,흰후춧가루
가루/오일,후춧가루,후춧가루
가루/오일,후춧가루,참치밑간 후춧가루
가루/오일,흑임자가루,볶은 흑임자가루
견과/건과,감말랭이,감말랭이
견과/건과,건블루베리,건블루베리
견과/건과,건포도,건포도
견과/건과,견과류,견과류
견과/건과,견과류,다진 견과류
견과/건과,곶감,곶감
견과/건과,넛맥,넛맥
견과/건과,넛맥,넛맥가루
견과/건과,땅콩,다진 땅콩
견과/건과,땅콩,땅콩
견과/건과,땅콩,땅콩다진것
견과/건과,땅콩,생땅콩
견과/건과,마카다미아,마카다미아
견과/건과,말린 자두,말린 자두
견과/건과,말린 토마토,말린 토마토
견과/건과,말린오미자,말린오미자
견과/건과,아몬드,슬라이스아몬드
견과/건과,아몬드,아몬드
견과/건과,아몬드,아몬드가루
견과/건과,아몬드,아몬드슬라이스
견과/건과,아몬드,통아몬드
견과/건과,잡곡,잡곡
견과/건과,잡곡,잡곡밥
견과/건과,잡곡,잡곡밥흑미 검은콩
견과/건과,잣,다진 잣
견과/건과,잣,잣
견과/건과,진피,진피
견과/건과,캐슈넛,캐슈넛
견과/건과,피스타치오,무염피스타치오
견과/건과,피스타치오,피스타치오
견과/건과,해바라기씨,해바라기씨
견과/건과,헤이즐넛,헤이즐넛
견과/건과,호두,깐호두
견과/건과,호두,다진 호두
견과/건과,호두,호두
견과/건과,호두,호두살
견과/건과,호박씨,호박씨
견과/건과,혼합견과,혼합견과
견과/건과,혼합견과,혼합견과류
과일,귤,귤
과일,귤,귤 즙
과일,딸기,냉동딸기
과일,딸기,딸기
과일,라임,라임
과일,라임,라임제스트
과일,라즈베리,라즈베리
과일,레몬,다진 레몬껍질
과일,레몬,레몬
과일,레몬,레몬껍질
과일,레몬,레몬제스트
과일,망고,망고
과일,망고,망고퓨레
과일,매실,매실장아찌
과일,멜론,멜론
과일,모과,모과원액
과일,무화과,무화과
과일,바나나,바나나
과일,배,배
과일,백년초,백년초
과일,백년초,백련초
과일,복분자,복분자
과일,복숭아,복숭아
과일,복숭아,천도복숭아
과일,블루베리,블루베리
과일,블루베리,블루베리퓨레
과일,사과,굵게 다진 사과
과일,사과,미니사과
과일,사과,사과
과일,사과,사과작은것
과일,사과,사과
과일,산딸기,산딸기
과일,석류,석류
과일,석류,석류원액
과일,석류,석류즙
과일,수박,수박
과일,수박,수박 속껍질
과일,수박,수박껍질
과일,오렌지,오렌지
과일,오렌지,오렌지
과일,오렌지,오렌지
과일,오미자,오미자
과일,오미자,오미자물
과일,오미자,오미자액
과일,오미자,오미자원액
과일,오미자,오미자청
과일,유자,유자액
과일,자두,자두
과일,자몽,자몽
과일,제철과일,제철과일
과일,참외,참외
과일,청포도,청포도
과일,체리,건조체리
과일,체리,체리
과일,체리토마토,체리토마토
과일,크랜베리,크랜베리
과일,크랜베리,크렌베리
과일,크랜베리,크린베리
과일,키위,키위
과일,파인애플,파인애플
과일,파인애플,파인애플 통조림
과일,파인애플,파인애플 통조림 국물
과일,포도,얼린포도알
과일,포도,포도
과일,푸룬,푸룬
과일,풋사과,풋사과
과일,홍시,냉동홍시
과일,홍시,얼린 홍시
과일,홍시,홍시
냉동/간편요리,가다랑어장국,가다랑어장국
냉동/간편요리,딸기냉동,딸기냉동
냉동/간편요리,떡,절편
냉동/간편요리,만두,굴림만두 새송이버섯
냉동/간편요리,스펀지케익,스펀지케익
냉동/간편요리,스펀지케익,스폰지케익
냉동/간편요리,식빵,식빵
냉동/간편요리,식빵,우유식빵
냉동/간편요리,식빵,토스트한 빵
냉동/간편요리,아이스크림,아이스크림
냉동/간편요리,젤라틴,젤라틴
냉동/간편요리,조랭이떡,조랭이 떡
냉동/간편요리,조랭이떡,조랭이떡
냉동/간편요리,증편,증편
냉동/간편요리,지단,지단
냉동/간편요리,찹쌀떡,찹쌀떡
냉동/간편요리,채소육수,채소국물
냉동/간편요리,춘권피,춘권피
냉동/간편요리,쿠스쿠스,쿠스쿠스
냉동/간편요리,크래커,크래커
냉동/간편요리,크로와상,크로와상
냉동/간편요리,튀밥,검은콩튀밥
냉동/간편요리,파스타,파스타
냉동/간편요리,파스타,파스타면
냉동/간편요리,판젤라틴,판젤라틴
냉동/간편요리,펜네파스타,펜네
냉동/간편요리,펜네파스타,펜넬파스타
냉동/간편요리,포카치아빵,포카치아빵
냉동/간편요리,폴렌타,폴렌타
면/통조림,라면,라면
면/통조림,곤약국수,곤약국수
면/통조림,국수,국수
면/통조림,국수,생면
면/통조림,귤통조림,귤통조림
면/통조림,당면,건당면
면/통조림,당면,당면
면/통조림,당면,당면불린것
면/통조림,당면,불린 당면
면/통조림,딸기잼,딸기잼
면/통조림,땅콩버터,땅콩버터
면/통조림,또띠아,또띠아
면/통조림,라면,굵은 면발 라면
면/통조림,라이스페이퍼,라이스페이퍼
면/통조림,락교,락교
면/통조림,리치캔,리치캔
면/통조림,만두피,만두피
면/통조림,메밀국수,마른메밀국수
면/통조림,메밀면,메밀면
면/통조림,멸치젓갈,멸치젓갈
면/통조림,명란젓,명란젓
면/통조림,무장아찌,무장아찌
면/통조림,바게트,바게트
면/통조림,바게트,바케트빵
면/통조림,바케트,바케트
면/통조림,백년초국수,백년초국수
면/통조림,베이키드빈스,베이키드빈스
면/통조림,빵,버거빵
면/통조림,뽕잎국수,뽕잎국수
면/통조림,소면,소면
면/통조림,스파게티면,스파게티
면/통조림,스파게티면,스파게티면
면/통조림,스팸,스팸
면/통조림,스팸,통조림 햄
면/통조림,쌀국수,가는 쌀국수
면/통조림,쌀국수,쌀국수
면/통조림,쌀국수,쌀국수가는것
면/통조림,에그누들,에그누들
면/통조림,연어캔,통조림 연어
면/통조림,옥수수통조림,옥수수통조림
면/통조림,옥수수통조림,캔 옥수수
면/통조림,옥수수통조림,캔옥수수
면/통조림,우동,우동
면/통조림,우동,우동면
면/통조림,죽순통조림,죽순통조림
면/통조림,중화면,중화면
면/통조림,참치캔,참치 통조림
면/통조림,참치캔,참치캔
면/통조림,참치캔,참치통조림
면/통조림,참치캔,캔 참치
면/통조림,참치캔,캔참치
면/통조림,참치캔,통조림참치
면/통조림,치자국수,치자국수
면/통조림,칼국수,칼국수면
면/통조림,토마토홀,토마토홀
면/통조림,토마토홀캔,토마토홀캔
면/통조림,토마토홀캔,토마토홍캔
면/통조림,통조림콩,통조림콩
면/통조림,파스타면,쌀파스타면
면/통조림,파스타면,알파벳파스타
면/통조림,파인애플통조림,파인애플통조림
면/통조림,포도통조림,포도 통조림
면/통조림,푸실리,푸실리
면/통조림,피클,피클
면/통조림,황도,황도
면/통조림,후르츠칵테일,후르츠칵테일
반찬/샐러드,깻잎장아찌,깻잎장아찌
반찬/샐러드,샐러드,그린 샐러드적당량[불고기 드래싱] 풋고추
생수/음료,노두유,노두유
생수/음료,당근주스,당근주스
생수/음료,대추차,대추고
생수/음료,두유,검은콩두유
생수/음료,두유,두유
생수/음료,라임주스,라임주스
생수/음료,레드와인,드라이 레드와인
생수/음료,레드와인,레드와인
생수/음료,레몬주스,레몬주스
생수/음료,막걸리,막걸리
생수/음료,맥주,맥주
생수/음료,물,건표고버섯 불릴 물
생수/음료,물,따뜻한 물
생수/음료,물,따뜻한물
생수/음료,물,물
생수/음료,물,물미지근한것
생수/음료,물,생수
생수/음료,물,얼음
생수/음료,물,육수 물
생수/음료,배즙,배즙
생수/음료,사과주스,사과주스
생수/음료,사과주스,사과쥬스
생수/음료,사과즙,사과즙
생수/음료,사이다,사이다
생수/음료,생강즙,생강즙
생수/음료,석류주스,석류주스
생수/음료,소주,소주
생수/음료,식혜,식혜
생수/음료,얼음,각얼음
생수/음료,오렌지주스,오렌지 주스
생수/음료,오렌지주스,오렌지주스
생수/음료,오렌지주스,오렌지주스
생수/음료,오렌지즙,오렌지즙
생수/음료,와인,와인
생수/음료,코코넛밀크,코코넛 밀크
생수/음료,코코넛밀크,코코넛밀크
생수/음료,탄산수,탄산수
생수/음료,파인애플주스,파인애플주스
생수/음료,파인애플즙,파인애플즙
생수/음료,포도주,적포도주
생수/음료,포도주,포도주
생수/음료,포도주스,포도주스
생수/음료,화이트와인,호이트와인
생수/음료,화이트와인,화이트와인
소스,간장,간장
소스,간장,간장소스 설탕
소스,간장,볶음간장
소스,간장,비빔소스 저염간장
소스,간장,저염 간장
소스,간장,저염간장
소스,간장,저염간장
소스,간장,저염간장
소스,감초액,감초액
소스,겨자,겨자
소스,겨자,발효겨자
소스,겨자,씨겨자
소스,겨자,연겨자
소스,겨자,익힌겨자
소스,겨자,적겨자
소스,고추냉이,고추냉이
소스,고추냉이,와사비
소스,고추냉이,와사비 갠 것
소스,고추장,고추장
소스,고추장,매실고추장
소스,고추장,저염고추장
소스,국간장,국간장
소스,국간장,저염국간장
소스,굴소스,굴소스
소스,깨소금,깨소금
소스,꿀,꿀
소스,닭육수,치킨육수
소스,데리야끼소스,데리야끼소스
소스,데리야끼소스,데리야키소스
소스,데미글라스소스,데미글라스
소스,데미글라스소스,데미글라스소스
소스,돈가스소스,돈가스소스
소스,돈가스소스,일식돈가스 소스
소스,된장,된장
소스,된장,된장
소스,된장,저염 된장
소스,된장,저염된장
소스,된장,저염재래된장 콩
소스,된장,파스타소스 된장
소스,두반장,두반장
소스,드레싱,샐러드드레싱
소스,드레싱,샐러드소스
소스,드레싱,유자드레싱 식초
소스,레드와인식초,레드와인식초
소스,레몬즙,레몬즙
소스,레몬즙,레몬즙
소스,마요네즈,마요네즈
소스,맛간장,맛간장
소스,맛술,맛술
소스,맛술,맛술
소스,맛술,요리술
소스,맛술,조미술
소스,매실액,매실액
소스,매실청,매실청
소스,머스타드,디존 머스타드
소스,머스타드,디존머스타드
소스,머스타드,디종머스터드
소스,머스타드,르네디종 홀그레인머스터
소스,머스타드,머스터드
소스,머스타드,머스터드소스
소스,머스타드,허니머스터드소스
소스,먹물,먹물
소스,메이플시럽,메이플시럽
소스,멸치간장,멸치간장
소스,멸치견과류쌈장,멸치견과류쌈장
소스,멸치액젓,멸치액젓
소스,물엿,물엿
소스,물엿,백물엿
소스,미림,미림
소스,미소,일본 된장
소스,미소,일본된장
소스,미소,일식 된장
소스,미소,일식된장 미소
소스,미소,저염일식된장
소스,미소된장,미소된장
소스,미소된장,미소된장
소스,미트소스,미트소스
소스,미향,미향
소스,바나나식초,바나나식초
소스,바닐라시럽,바닐라시럽
소스,바닐라에센스,바닐라에센스
소스,발사믹식초,발 사믹식초
소스,발사믹식초,발사믹 식초
소스,발사믹식초,발사믹식초
소스,발사믹크레마,발사믹크레마
소스,발사믹크림,발사믹크림
소스,빠금장,빠금장
소스,살사,살사
소스,새우젓,새우젓
소스,새우젓,새우젓국
소스,새우젓,새우젓국물
소스,생강즙,생강즙
소스,샤브샤브소스,샤브육수용 소스
소스,설탕,설탕
소스,설탕,설탕
소스,설탕,설탕
소스,설탕,설탕
소스,설탕,설탕시럽
소스,설탕,설탕
소스,설탕,설탕
소스,설탕,설탕
소스,설탕,설탕
소스,설탕,타가토스
소스,소금,고운 소금
소스,소금,굵은 소금
소스,소금,녹차소금
소스,소금,소금
소스,소금,소금
소스,소금,소금
소스,소금,소금
소스,소금,소금
소스,소금,소금물
소스,소금,소금
소스,소금,소금
소스,소금,소금
소스,소금,소금
소스,소금,소금
소스,소금,소금
소스,소금,소금
소스,소금,저나트륨소금
소스,소금,저염소금
소스,소스,소스
소스,소스,수제조미료
소스,소스,튀김소스
소스,슈가파우더,슈가파우더
소스,슈가파우더,슈거 파우더
소스,슈가파우더,슈거파우더
소스,스테비아,스테비아
소스,시즈닝,이태리시즈닝
소스,식초,감식초
소스,식초,사과드레싱 식초
소스,식초,사과식초
소스,식초,식초
소스,식초,쌀식초
소스,쌈장,쌈장
소스,액젓,까나리액젓
소스,액젓,액젓
소스,약간장,약간장
소스,양념,양념
소스,양념,양념장
소스,양조간장,양조간장
소스,양조식초,양조식초
소스,양파즙,양파즙
소스,어간장,간편 어간장
소스,어간장,간편어간장
소스,어간장,어간장
소스,오리엔탈소스 식초,오리엔탈소스 식초
소스,올리고당,올리고당
소스,요리당,요리당
소스,우스터소스,우스터소스
소스,유자청,유자
소스,유자청,유자청
소스,유자청,유자청
소스,육수,육수
소스,육수,사골육수
소스,저염간장,저염간장
소스,저염간장,저염간장
소스,저염된장,저염된장
소스,젓갈,젓갈
소스,정종,정종
소스,정향,정향
소스,조림장,조림장
소스,조청,조청
소스,죽염,죽염
소스,진간장,저염진간장
소스,진간장,진간장
소스,참기름,참기름
소스,천연조미료,천연조미료
소스,천일염,천일염
소스,청국장, 생청국장
소스,청국장,청국장
소스,청국장,청국장가루
소스,청주,청주
소스,초고추장,초고추장
소스,치킨스톡,치킨스톡
소스,칠리소스,스위트칠리
소스,칠리소스,칠리소스
소스,칠리파우더,칠리파우더
소스,카레소스,카레소스
소스,케첩,저염케첩
소스,케첩,케찹
소스,케첩,케첩
소스,케첩,토마토케첩
소스,코코넛설탕,코코넛설탕
소스,타비스코소스,타비스코 소스
소스,토마토소스,토마토 소스
소스,토마토소스,토마토 칠리소스
소스,토마토소스,토마토 페스트
소스,토마토소스,토마토 페이스트
소스,토마토소스,토마토 퓨레
소스,토마토소스,토마토소스
소스,토마토소스,토마토소스
소스,토마토소스,토마토페스트
소스,토마토소스,토마토페이스트
소스,토마토콩카세,토마토콩카세
소스,페이스트,페이스트
소스,포도식초,포도식초
소스,피쉬소스,피쉬소스
소스,하얀된장,하얀된장
소스,핫소스,핫소스
소스,핫소스,타바스코
소스,해선장,해선장
소스,허브식초,허브식초
소스,홀그레인머스터드,홀그레인머스터드
소스,홍삼진액,홍삼진액
소스,홍초,홍초
소스,화이트와인식초,화이트와인식초
소스,화이트크림,화이트크림
소스,후추,순후추
소스,후춧가루,후춧가루
소스,흑마늘액,흑마늘액
소스,흑마늘액,흑마늘진액
소스,흑초,흑초
수산물/건어,가다랑어포,가다랑어포
수산물/건어,가쓰오부시,가쓰오부시
수산물/건어,가쓰오부시,가쯔오부시
수산물/건어,가쓰오부시,가츠오부시
수산물/건어,가쓰오부시,혼다랑어가쓰오부시
수산물/건어,가자미,가자미
수산물/건어,가자미,가자미살
수산물/건어,갈치,갈치
수산물/건어,갑오징어,갑오징어
수산물/건어,건오징어,건오징어
수산물/건어,게,게
수산물/건어,게맛살,게맛살
수산물/건어,게살,게살
수산물/건어,게살,게살냉동
수산물/건어,고등어,고등어
수산물/건어,고등어,냉동고등어
수산물/건어,고등어,손질한 고등어
수산물/건어,골뱅이,골뱅이
수산물/건어,과메기,과메기
수산물/건어,관자,관자
수산물/건어,광어,광어
수산물/건어,굴,굴
수산물/건어,금태,금태
수산물/건어,김,김
수산물/건어,김,김
수산물/건어,김,생김
수산물/건어,꼬막,꼬막
수산물/건어,꼬막,꼬막살
수산물/건어,꼬시래기,꼬시래기
수산물/건어,꽁치,꽁치
수산물/건어,꽁치,꽁치살
수산물/건어,낙지,낙지
수산물/건어,낙지,낙지 다리
수산물/건어,낙지,낙지다리
수산물/건어,날치알,날치알
수산물/건어,다슬기,다슬기살
수산물/건어,다시다,천연다시다
수산물/건어,다시마,건다시마
수산물/건어,다시마,건조다시마
수산물/건어,다시마,다시마
수산물/건어,다시마,다시마 국물
수산물/건어,다시마,다시마 육수
수산물/건어,다시마,다시마국물
수산물/건어,다시마,다시마물
수산물/건어,다시마,다시마육수
수산물/건어,다시마,다시물
수산물/건어,다시마,마른 다시마
수산물/건어,다시마,쌈다시마
수산물/건어,다시마,염장다시마
수산물/건어,다시마,육수 다시마
수산물/건어,다시마,다시마
수산물/건어,대구,대구
수산물/건어,대구,대구살
수산물/건어,대하,대하
수산물/건어,도미,도미
수산물/건어,도미,도미살
수산물/건어,동태살,동태살
수산물/건어,동태포,동태포
수산물/건어,디포리,디포리
수산물/건어,마른새우,마른새우
수산물/건어,맛살,맛살
수산물/건어,매생이,매생이
수산물/건어,매생이,매생이
수산물/건어,멍게살,멍게살
수산물/건어,멸치,건멸치
수산물/건어,멸치,국멸치
수산물/건어,멸치,국물용 멸치
수산물/건어,멸치,다시멸치
수산물/건어,멸치,마른멸치
수산물/건어,멸치,멸치
수산물/건어,멸치,멸치 육수
수산물/건어,멸치,멸치다시마육수
수산물/건어,멸치,멸치육수
수산물/건어,멸치,멸치중간것
수산물/건어,멸치,멸치
수산물/건어,멸치,잔멸치
수산물/건어,명태,명태
수산물/건어,명태코다리,명태코다리
수산물/건어,모시조개,모시조개
수산물/건어,문어,문어
수산물/건어,미더덕,미더덕
수산물/건어,미역,건미역
수산물/건어,미역,건조 자른미역
수산물/건어,미역,건조미역
수산물/건어,미역,건조미역줄기
수산물/건어,미역,마른 미역
수산물/건어,미역,마른미역
수산물/건어,미역,물미역
수산물/건어,미역,미역
수산물/건어,미역,미역마른것
수산물/건어,미역,불린 미역
수산물/건어,미역,불린미역
수산물/건어,미역줄기,마른미역줄기
수산물/건어,미역줄기,미역줄기
수산물/건어,민어,민어
수산물/건어,바지락,바지락
수산물/건어,바지락,바지락살
수산물/건어,바지락,육수 바지락
수산물/건어,병어,병어
수산물/건어,보리새우,보리새우
수산물/건어,북어,북어
수산물/건어,북어,북어채
수산물/건어,북어머리,북어머리
수산물/건어,삼치,삼치
수산물/건어,새뱅이,새뱅이
수산물/건어,새우,건새우
수산물/건어,새우,마른 새우
수산물/건어,새우,백새우
수산물/건어,새우,새우
수산물/건어,새우,새우 살
수산물/건어,새우,새우다진것
수산물/건어,새우,새우살
수산물/건어,새우,새우살다진것
수산물/건어,새우,새우작은것
수산물/건어,새우,자숙새우
수산물/건어,새우,잔새우살다진것
수산물/건어,새우,중새우
수산물/건어,새우,큰새우
수산물/건어,생선,생선살
수산물/건어,생선,생선육수
수산물/건어,소라,소라
수산물/건어,소라,소라살
수산물/건어,실치,실치
수산물/건어,아귀,아귀
수산물/건어,어묵,어묵
수산물/건어,어묵,찐 어묵
수산물/건어,어묵,찰어묵
수산물/건어,연어,슬라이스연어
수산물/건어,연어,연어
수산물/건어,오징어,물오징어
수산물/건어,오징어,오징어
수산물/건어,오징어,오징어 몸통
수산물/건어,오징어,오징어먹물
수산물/건어,오징어,오징어살
수산물/건어,오징어,통오징어
수산물/건어,우렁,논우렁
수산물/건어,우렁,우렁
수산물/건어,우렁,우렁이
수산물/건어,유부,유부
수산물/건어,장어,장어
수산물/건어,전복,전복
수산물/건어,전복,전복살
수산물/건어,전복,참전복
수산물/건어,조개,개조개살
수산물/건어,조개,조개
수산물/건어,조개,조개 관자
수산물/건어,조개,조개관자
수산물/건어,조개,조개살
수산물/건어,조개,조갯살
수산물/건어,조기,조기
수산물/건어,주꾸미,주꾸미
수산물/건어,진미채,진미채
수산물/건어,주꾸미,쭈꾸미
수산물/건어,참치,냉동참치
수산물/건어,참치,참치
수산물/건어,참치,참치살
수산물/건어,천사채,천사채
수산물/건어,청각,청각
수산물/건어,칵테일새우,칵테일 새우
수산물/건어,칵테일새우,칵테일새우
수산물/건어,칵테일새우,칵텔새우
수산물/건어,코다리,코다리
수산물/건어,키조개,키조개관자
수산물/건어,톳,톳
수산물/건어,파래,물파래
수산물/건어,파래,파래
수산물/건어,파래김,파래김
수산물/건어,패주,패주
수산물/건어,함초,함초
수산물/건어,해물,해물육수
수산물/건어,해삼,해삼불린것
수산물/건어,해조류,해조류
수산물/건어,해초,해초
수산물/건어,홍합,홍합
수산물/건어,홍합,홍합살
수산물/건어,황태,황태
수산물/건어,황태머리,황태머리
수산물/건어,황태채,황태채
수산물/건어,황태포,황태포
수산물/건어,훈제연어,훈제연어
수산물/건어,흰살생선,흰살생선
쌀/잡곡,가래떡,가래떡
쌀/잡곡,가래떡,가래떡면
쌀/잡곡,검은콩,검은콩
쌀/잡곡,곤약미,곤약미
쌀/잡곡,귀리,귀리
쌀/잡곡,귀리,귀리밥
쌀/잡곡,깨,깨
쌀/잡곡,깨,볶은 깨
쌀/잡곡,깨,볶은 참깨
쌀/잡곡,깨,볶은통깨
쌀/잡곡,깨,부순 참깨
쌀/잡곡,깨,흰깨
쌀/잡곡,꽁보리,꽁보리밥
쌀/잡곡,누룽지,누룽지
쌀/잡곡,누룽지,누룽지: 밥
쌀/잡곡,누룽지,누룽지가루
쌀/잡곡,들깨,들깨
쌀/잡곡,들깨가루,깐들깨가루
쌀/잡곡,떡,떡
쌀/잡곡,떡,떡볶이 떡
쌀/잡곡,떡,떡볶이떡
쌀/잡곡,렌틸콩,렌틸콩
쌀/잡곡,메밀,메닐튀밥
쌀/잡곡,백미,백미
쌀/잡곡,보리,보리
쌀/잡곡,보리,찰보리
쌀/잡곡,보리쌀,보리쌀
쌀/잡곡,비지,비지
쌀/잡곡,수수,볶은수수
쌀/잡곡,쌀,강황쌀
쌀/잡곡,쌀,멥쌀
쌀/잡곡,쌀,불린 쌀
쌀/잡곡,쌀,불린쌀
쌀/잡곡,쌀,쌀
쌀/잡곡,쌀,쌀가루
쌀/잡곡,쌀,쌀겨
쌀/잡곡,쌀,쌀뜨물
쌀/잡곡,쌀,쌀밥
쌀/잡곡,쌀,찬밥
쌀/잡곡,쌀,흰쌀
쌀/잡곡,쌀떡,쌀떡
쌀/잡곡,오곡,오곡
쌀/잡곡,오곡,오곡밥
쌀/잡곡,오트밀,오트밀
쌀/잡곡,옥수수,옥수수
쌀/잡곡,옥수수,옥수수알
쌀/잡곡,율무,볶은율무
쌀/잡곡,은행,은행
쌀/잡곡,참깨,참깨
쌀/잡곡,참깨,참께
쌀/잡곡,찹쌀,찹쌀
쌀/잡곡,찹쌀,찹쌀현미밥
쌀/잡곡,튀밥,쌀튀밥
쌀/잡곡,현미,볶은 현미
쌀/잡곡,현미,볶은현미
쌀/잡곡,현미,현미
쌀/잡곡,현미,현미밥
쌀/잡곡,현미,현미쌀
쌀/잡곡,현미찹쌀,현미찹쌀
쌀/잡곡,현미튀밥,현미튀밥
쌀/잡곡,홀그레인,홀그레인
쌀/잡곡,흑미,검은 쌀
쌀/잡곡,흑미,흑미
쌀/잡곡,흑임자,검은 깨
쌀/잡곡,흑임자,검은깨
쌀/잡곡,흑임자,검정깨
쌀/잡곡,흑임자,볶은 흑임자
쌀/잡곡,흑임자,흑임자
유제품/아이스크림,그라나파다노 치즈,그라나파다노 치즈
유제품/아이스크림,그릭요거트,그릭요거트
유제품/아이스크림,까망베르치즈,까망베르치즈
유제품/아이스크림,두유,무첨가두유
유제품/아이스크림,리코타치즈,리코타치즈
유제품/아이스크림,마스카르포네치즈,마스카르포네치즈
유제품/아이스크림,모짜렐라 치즈,모짜렐라 치즈
유제품/아이스크림,모짜렐라치즈,생 모짜렐라치즈
유제품/아이스크림,모짜렐라치즈,생모짜렐라치즈
유제품/아이스크림,바닐라아이스크림,바닐라아이스크림
유제품/아이스크림,버터,버터
유제품/아이스크림,버터,저염버터
유제품/아이스크림,버터,무염버터
유제품/아이스크림,버터,버터
유제품/아이스크림,사워크림,사워크림
유제품/아이스크림,사워크림,샤워크림
유제품/아이스크림,생크림,생크림
유제품/아이스크림,스위스치즈,스위스 치즈
유제품/아이스크림,에멘탈치즈,에멘탈 치즈
유제품/아이스크림,에멘탈치즈,에벤탈치즈
유제품/아이스크림,연유,연유
유제품/아이스크림,요거트,요거트
유제품/아이스크림,요구르트,요구르트
유제품/아이스크림,요구르트,호상요구르트
유제품/아이스크림,우유,우유
유제품/아이스크림,우유,저지방우유
유제품/아이스크림,체다치즈,슬라이스 치즈
유제품/아이스크림,체다치즈,슬라이스치즈
유제품/아이스크림,체다치즈,어린이치즈
유제품/아이스크림,체다치즈,유기농 아기치즈
유제품/아이스크림,체다치즈,치즈
유제품/아이스크림,체다치즈,치즈슬라이스
유제품/아이스크림,치즈,생치즈
유제품/아이스크림,치즈,저염치즈
유제품/아이스크림,치즈,무염치즈
유제품/아이스크림,치즈가루,치즈가루
유제품/아이스크림,크림,크림
유제품/아이스크림,크림소스,크림소스
유제품/아이스크림,크림치즈,크림치즈
유제품/아이스크림,파마산 치즈,파르메산 치즈가루
유제품/아이스크림,파마산 치즈,파마산 치즈
유제품/아이스크림,파마산 치즈,파마산 치즈가루
유제품/아이스크림,파마산 치즈,파마산가루
유제품/아이스크림,파마산 치즈,파마산치즈
유제품/아이스크림,파마산 치즈,파마산치즈가루
유제품/아이스크림,플레인요거트,플레인요거트
유제품/아이스크림,피자치즈,피자치즈
유제품/아이스크림,휘핑크림,휘핑크림
채소,할라피뇨,고추피클
채소,가시오가피,가시오가피
채소,가시오가피,오가피
채소,가지,가지
채소,감자,감자
채소,감자,매쉬포테이토
채소,감자,알감자
채소,감자,감자전분
채소,강낭콩,강낭콩
채소,강낭콩,그린빈
채소,강낭콩,그린빈스
채소,계피,통계피
채소,고구마,고구마
채소,고구마,자색고구마
채소,고구마,호박고구마
채소,고구마순,고구마순
채소,고구마칩,고구마칩
채소,고사리,고사리
채소,고사리,불린 고사리
채소,고수,고수
채소,고수 씨앗,코리앤더 씨드
채소,고수 씨앗,코리앤더씨
채소,고추,건고추
채소,고추,고추
채소,고추,다진 고추
채소,고추,마른 고추
채소,고추,마른고추
채소,고추,멕시코고추
채소,곤드레,건곤드레
채소,곤드레,곤드레나물
채소,곤약,곤약
채소,곤약,스테이크반죽 곤약
채소,곤약,실곤약
채소,곰취,곰취
채소,곰피,곰피
채소,구기자,구기자
채소,그린비타민,그린비타민
채소,근대,근대
채소,김치,김장김치
채소,김치,김치
채소,김치,명이김치
채소,김치,묵은지
채소,김치,익은 배추김치
채소,김치,저염배추김치
채소,깍두기,깍두기
채소,깻잎,깻잎
채소,깻잎순,깻잎순
채소,꽃상추,앤다이브
채소,꽃상추,엔다이브
채소,꽈리고추,꽈리고추
채소,낫토,낫토
채소,냉이,냉이
채소,노루궁뎅이버섯,노루궁뎅이버섯
채소,녹두,거피녹두
채소,녹두묵,녹두묵
채소,느타리버섯,느타리
채소,느타리버섯,느타리버섯
채소,느타리버섯,느타리벗서
채소,단무지,단무지
채소,단배추,단배추
채소,단호박,단호박
채소,단호박,단호박 가루
채소,단호박,단호박가루
채소,단호박,단호박작은것
채소,단호박,미니 단호박
채소,단호박,미니단호박
채소,달래,달래
채소,달래,달래무침 달래
채소,당귀,당귀잎
채소,당귀,육수 당귀
채소,당근,다진 당근
채소,당근,다진당근
채소,당근,당근
채소,당근,당근 채친것
채소,당근,당근갈은것
채소,당근,당근다진것
채소,당근,당근채썬것
채소,당근,당근퓨레
채소,대두,대두
채소,대추,건대추
채소,대추,대추
채소,대파,다진 파 
채소,대파,깐대파
채소,대파,다진 대파
채소,대파,다진 파
채소,대파,다진대파
채소,대파,다진파
채소,대파,대파
채소,대파,대파 다진것
채소,대파,대파뿌리
채소,대파,대파채
채소,대파,대파채썬것
채소,대파,대파채친것
채소,대파,어슷 썬 대파
채소,대파,육수 대파
채소,대파,파
채소,대파,파다진것
채소,대파,파뿌리
채소,대파,파채
채소,더덕,더덕
채소,도라지,도라지
채소,도토리묵,건도토리묵
채소,도토리묵,도토리묵
채소,돈나물,돈나물
채소,돌나물,돌나물
채소,돌미나리,돌미나리
채소,동초,동초
채소,동치미,동치미
채소,동치미,동치미국물
채소,돼지호박,돼지호박
채소,돼지호박,돼지호박갈은것
채소,두릅,두릅
채소,두부,검은콩두부
채소,두부,단단한 두부
채소,두부,두부
채소,두부,두부작은것
채소,두부,으깬 두부
채소,두부,으깬두부
채소,두부,판 두부
채소,두부,흑두부
채소,두절콩나물,두절콩나물
채소,딜,딜
채소,땅콩호박,땅콩호박
채소,라디치오,라디치오
채소,레드어니언,레드어니언
채소,레드치커리,레드치커리
채소,레디쉬,레디쉬
채소,레몬그라스,레몬그라스
채소,로메인,로메인
채소,로즈마리,로즈마리
채소,로즈마리,로즈마리다진것
채소,로즈마리,로즈마리마다진것
채소,로즈마리마른것,로즈마리마른것
채소,로즈케일,흰로즈케일
채소,루꼴라,루꼴라
채소,마,마
채소,마늘,깐마늘
채소,마늘,다진 마늘
채소,마늘,다진마늘
채소,마늘,다진 마늘
채소,마늘,마늘
채소,마늘,마늘 다진것
채소,마늘,마늘기름
채소,마늘,마늘다진것
채소,마늘,마늘오일
채소,마늘,마늘즙
채소,마늘,마늘칩
채소,마늘,마늘튀김
채소,마늘,다진 마늘
채소,마늘,마늘
채소,마늘,알마늘
채소,마늘,다진 마늘
채소,마늘,마늘
채소,마늘,통마늘
채소,마늘,편마늘
채소,마늘,흑마늘
채소,마늘쫑,마늘쫑
채소,만송이버섯,만송이버섯
채소,머스터드씨,머스터드 씨드
채소,머위대,머위대
채소,메주콩,메주콩
채소,목이버섯,건목이버섯
채소,목이버섯,목이버섯
채소,목이버섯,흰목이버섯
채소,무,무
채소,무,무우
채소,무,육수 무
채소,무,조선무
채소,무말랭이,무말랭이
채소,무말랭이,불린 무말랭이
채소,무순,무순
채소,무청,무청
채소,무청시래기,무청시래기
채소,무청시래기,무청시래기 불린 것
채소,묵,두가지 묵
채소,묵,메밀묵
채소,물김치,물김치국물
채소,물냉이,워터크레스
채소,물밤,물밤다진것
채소,미나리,데친 미나리
채소,미나리,미나리
채소,민들레,민들레
채소,민들레,민들레 잎
채소,민트,민트
채소,민트,민트다진것
채소,민트,민트잎
채소,바닐라빈,바닐라빈
채소,바질,바질
채소,바질,바질다진것
채소,바질,바질마른것
채소,바질,바질
채소,바질,바질잎
채소,밤,깐밤
채소,밤,밤
채소,밤,생밤
채소,밤고구마,밤고구마
채소,밤콩,밤콩
채소,방울토마토,방울토마토
채소,배추,겨울배추
채소,배추,배추
채소,배추,배추잎
채소,배추,배춧잎
채소,배추,알배추
채소,배추,얼갈이 배추
채소,배추,얼갈이배추
채소,배추김치,배추김치
채소,백김치,백김치 국물
채소,백만송이버섯,백만송이버섯
채소,백앙금,백앙금
채소,백앙금,흰앙금
채소,백일송이버섯,백일송이
채소,백일송이버섯,백일송이버섯
채소,백합,백합
채소,버섯,미니버섯
채소,베이비채소,베이비채소
채소,병아리콩,병아리콩
채소,보라로즈케일,보라로즈케일
채소,봄동,봄동
채소,부추,부추
채소,부추,부추 또는 실파
채소,부추,영양부추
채소,부추,조선부추
채소,브로컬리,브로컬리
채소,브로컬리,브로컬리다진것
채소,브로컬리,브로콜리
채소,비름,비름나물
채소,비지,콩비지
채소,비타민,비타민
채소,비트,비트
채소,비트,비트절인물
채소,뿌리채소,뿌리채소조림
채소,산마,산마
채소,상추,상추
채소,상추,상추/로메인
채소,새송이버섯,미니새송이
채소,새송이버섯,미니새송이버섯
채소,새송이버섯,새송이
채소,새송이버섯,새송이 버섯
채소,새송이버섯,새송이버섯
채소,새송이버섯,새송이벗서
채소,새싹채소,각종 새싹
채소,새싹채소,새싹
채소,새싹채소,새싹채소
채소,새싹채소,어린싹
채소,새싹채소,어린잎
채소,새싹채소,어린잎채소
채소,새싹채소,어린채소
채소,새싹채소,잎채소
채소,샐러드,샐러드
채소,샐러드,샐러드채소
채소,샐러드,소고기 곁들임채소
채소,샐러리,샐러리
채소,샐러리,샐러리 채친것
채소,샐러리,샐러리다진것
채소,샐러리,샐러리잎
채소,샐러리,셀러리
채소,샐러리,셀러리다진것
채소,생강,깐생강
채소,생강,다진 생강
채소,생강,다진생강
채소,생강,생각
채소,생강,생강
채소,생강,생강갈은것
채소,생강,생강다진것
채소,생강,생강청
채소,생강,얇게 썬 생강
채소,생강,통생강
채소,샬롯,샬롯
채소,석박지,석박지
채소,석이버섯,석이버섯
채소,세발나물,세발나물
채소,수수,수수
채소,숙주,숙주
채소,숙주,숙주나물
채소,순두부,순두부
채소,순무,순무
채소,순무,순무의 어린잎
채소,시금치,시금치
채소,시금치,시금치가루
채소,시금치,시금치데친것
채소,시래기,시래기
채소,시래기,시래기불린것
채소,시래기,시레기
채소,식용꽃,식용 꽃
채소,식용꽃,식용꽃
채소,신선초,신선초
채소,실고추,실고추
채소,실파,깐실파
채소,실파,다진 실파
채소,실파,실파
채소,실파,실파다진것
채소,실파,실파송송썬것
채소,쌈무,쌈무
채소,쌈채소,쌈채
채소,쑥,쑥
채소,쑥갓,갓
채소,쑥갓,쑥갓
채소,아보카도,아보카도
채소,아보카도,아보카도작은것
채소,아스파라거스,아스파라거스
채소,아욱,아욱
채소,애느타리버섯,애느타리버섯
채소,애플민트,애플민트
채소,애호박,다진 애호박
채소,애호박,다진애호박
채소,애호박,애호박
채소,앤쵸비,앤쵸비
채소,야채육수,야채국물
채소,야채육수,야채육수
채소,야콘,야콘
채소,양배추,미니양배추
채소,양배추,양배추
채소,양상추,양상추
채소,양송이버섯,양송이
채소,양송이버섯,양송이 버섯
채소,양송이버섯,양송이버섯
채소,양송이버섯,양송이버섯 밑동
채소,양송이버섯,양송이슬라이스
채소,양파,간 양파
채소,양파,깐양파
채소,양파,다진 양파
채소,양파,다진양파
채소,양파,소스 다진 양파
채소,양파,다진 양파
채소,양파,양파
채소,양파,양파 껍질
채소,양파,양파다진것
채소,양파,양파슬라이스
채소,양파,양파채썬것
채소,양파,양파채친것
채소,연근,깐연근
채소,연근,연근
채소,연두,연두
채소,연두부,연두부
채소,연두부,연두부큰것
채소,열무김치,열무김치
채소,오레가노,건오레가노
채소,오레가노,오레가노
채소,오레가노,오레가노 다진것
채소,오레가노,오레가노다진것
채소,오레가노,오레가노마른것
채소,오레가노,오레가노모른것
채소,오이,오이
채소,오이,오이고추
채소,오이피클,다진 오이피클
채소,오이피클,오이피클
채소,옥수수,영콘
채소,옥수수,옥수수콘
채소,올리브,그린올리브
채소,올리브,블랙올리브
채소,올리브,올리브
채소,완두콩,완두콩
채소,완두콩,완두콩드레싱 삶은 완두콩
채소,완두콩,완두콩알
채소,우거지,우거지
채소,우무묵,우무묵
채소,우뭇가사리,우뭇가사리
채소,우엉,우엉
채소,월계수,월계수 잎
채소,월계수,월계수잎
채소,월계수,월계수잎마른것
채소,율무,율무
채소,인삼,수삼
채소,인삼,인삼
채소,적양배추,적양배추
채소,적양파,붉은양파다진것
채소,적양파,적양파
채소,적채,적채
채소,제비콩,제비콩
채소,조,조
채소,조,주
채소,좁쌀,좁쌀
채소,주니퍼베리,주니퍼베리
채소,주키니호박,주키니호박
채소,죽순,삶은 죽순
채소,죽순,죽순
채소,쥬키니호박,쥬키니호박
채소,진달래꽃,진달래꽃
채소,쪽파,다진쪽파
채소,쪽파,쪽파
채소,차이브,차이브
채소,참나물,참나물
채소,참다래,참다래
채소,참마,참마
채소,청경채,청경채
채소,청양고추,청고추
채소,청양고추,청고추 다진것
채소,청양고추,청고추다진것
채소,청양고추,건청양고추
채소,청양고추,다진 청고추
채소,청양고추,다진 청양고추
채소,청양고추,다진청고추
채소,청양고추,말린 청양고추
채소,청양고추,송송 썬 청양고추
채소,청양고추,청양고추
채소,청포묵,청포묵
채소,취나물,데친 취나물
채소,취나물,취나물
채소,치자,치자
채소,치커리,그린치커리
채소,치커리,치커리
채소,카옌페퍼,카엔패퍼
채소,카옌페퍼,카엔페퍼
채소,카옌페퍼,케이엔페퍼
채소,카옌페퍼,키엔페퍼
채소,케이퍼,케이퍼
채소,케일,케일
채소,케일,케일이 쪄진 물
채소,코코넛슬라이스,코코넛슬라이스
채소,콜라비,콜라비
채소,콜리플라워,컬리플라워
채소,콜리플라워,콜리플라워
채소,콩,노란콩
채소,콩,콩
채소,콩나물,서리태
채소,콩나물,육수 콩나물
채소,콩나물,콩나물
채소,콩비지,콩비지
채소,퀴노아,퀴노아
채소,큐민,큐민
채소,큐민,화지타 양념
채소,큐민,큐민씨
채소,타임,타임
채소,타임,타임 마른것
채소,타임,타임다진것
채소,타임,타임마른것
채소,토란,알토란
채소,토란,토란
채소,토란,토란대
채소,토마토,건토마토
채소,토마토,다진 토마토
채소,토마토,드라이토마토
채소,토마토,줄기토마토
채소,토마토,캔 토마토
채소,토마토,토마토
채소,토마토,홀토마토
채소,토마토,홍토마토
채소,통깨,통깨
채소,파스타면,페투치네
채소,파슬리,다진 파슬리
채소,파슬리,파슬리
채소,파슬리,파슬리 다진것
채소,파슬리,파슬리
채소,파슬리,파슬리다진것
채소,파슬리,파슬리말린것
채소,파프리카,구운미니파프리카 미니파프리카
채소,파프리카,노란 파프리카
채소,파프리카,노란색 파프리카
채소,파프리카,노란색파프리카
채소,파프리카,노란파프리카
채소,파프리카,노랑 파프리카
채소,파프리카,노랑파프리카
채소,파프리카,다진 빨강 파프리카
채소,파프리카,다진 파프리카
채소,파프리카,두 가지 색 파프리카
채소,파프리카,미니파프리카
채소,파프리카,붉은 파프리카
채소,파프리카,빨간 파프리카
채소,파프리카,빨간파프리카
채소,파프리카,빨강 파프리카
채소,파프리카,빨강파프리카
채소,파프리카,삼색파프리카
채소,파프리카,적파프리카
채소,파프리카,주황 파프리카
채소,파프리카,주황파프리카
채소,파프리카,청 파프리카
채소,파프리카,청파프리카
채소,파프리카,파프리카
채소,파프리카,홍파프리카
채소,파프리카,황파프리카
채소,팥,붉은팥
채소,팥,팥
채소,팥앙금,팥앙금
채소,팽이버섯,팽이
채소,팽이버섯,팽이버섯
채소,팽이버섯,황금팽이버섯
채소,표고버섯,건 표고버섯
채소,표고버섯,건표고
채소,표고버섯,건표고버섯
채소,표고버섯,다진 표고버섯
채소,표고버섯,마른 표고버섯
채소,표고버섯,마른표고버섯
채소,표고버섯,불린 표고버섯
채소,표고버섯,생 표고버섯
채소,표고버섯,생표고버섯
채소,표고버섯,표고
채소,표고버섯,표고버섯
채소,표고버섯,표고버섯 마른것
채소,표고버섯,표고버섯 밑동
채소,표고버섯,표고버섯마른것
채소,풋고추,다진 풋고추
채소,풋고추,어슷 썬 풋고추
채소,풋고추,풋고추
채소,풋마늘,풋마늘
채소,피망,다진 청피망
채소,피망,다진 홍피망
채소,피망,붉은피망
채소,피망,청 피망
채소,피망,청피망
채소,피망,청피망다진것
채소,피망,피망
채소,피망,피망채친것
채소,피망,홍 피망
채소,피망,홍피망
채소,피망,홍피망다진것
채소,하수오,하수오
채소,할라피뇨,할라피뇨
채소,할라피뇨,할라피뇨다진것
채소,허브,허브
채소,허브,허브크러스트
채소,호박,다진 호박
채소,호박,호박
채소,호박잎,호박잎
채소,호부추,호부추
채소,홍고추,건홍고추
채소,홍고추,다진 붉은 고추
채소,홍고추,다진 홍고추
채소,홍고추,다진홍고추
채소,홍고추,마른 홍고추
채소,홍고추,붉은 고추
채소,홍고추,붉은고추
채소,홍고추,송송 썬 붉은 고추
채소,홍고추,청·홍고추다진것
채소,홍고추,청홍고추
채소,홍고추,청홍고추 각각
채소,홍고추,홍고추
채소,홍고추,홍고추 다진것
채소,홍고추,홍고추다진것
채소,홍고추,홍고추마른것
채소,홍고추,홍고추말린것
채소,홍고추,홍고추챗건것
채소,황기,황기
채소,후추,통후추
채소,후추,통후추부순것
채소,흑임자묵,검정깨묵 각각
초콜릿/시럽,블루베리잼,블루베리소스 블루베리잼
초콜릿/시럽,블루베리잼,블루베리잼
초콜릿/시럽,초콜릿,블랙초콜릿
초콜릿/시럽,초콜릿,초콜릿
초콜릿/시럽,화이트초콜릿,화이트 초콜릿
축산/계란,갈비,L.A갈비
축산/계란,갈비,갈비
축산/계란,계란,계란
축산/계란,계란,달걀
축산/계란,계란,달걀 삶은것
축산/계란,계란,달걀노른자
축산/계란,계란,달걀물
축산/계란,계란,달걀지단
축산/계란,계란,달걀흰자
축산/계란,계란,삶은 달걀
축산/계란,계란,삶은 달걀 노른자
축산/계란,계란,삶은달걀
축산/계란,계란,수플레 베이스 달걀흰자
축산/계란,닭고기,닭
축산/계란,닭고기,닭 가슴살
축산/계란,닭고기,닭 넓적다리
축산/계란,닭고기,닭 육수
축산/계란,닭고기,닭 잡뼈
축산/계란,닭고기,닭가슴살
축산/계란,닭고기,닭고기
축산/계란,닭고기,닭고기가슴살
축산/계란,닭고기,닭고기살
축산/계란,닭고기,닭날개
축산/계란,닭고기,닭다리 살
축산/계란,닭고기,닭다리살
축산/계란,닭고기,닭봉
축산/계란,닭고기,닭뼈
축산/계란,닭고기,닭살
축산/계란,닭고기,닭안심
축산/계란,닭고기,닭안심살
축산/계란,닭고기,닭육수
축산/계란,닭고기,닭육수 닭다리
축산/계란,닭고기,닭토막
축산/계란,닭고기,삶은 닭가슴살
축산/계란,닭고기,육수 닭
축산/계란,닭고기,육수 닭가슴살
축산/계란,닭고기,육수 닭뼈
축산/계란,닭고기,토막 낸 닭
축산/계란,돼지갈비,돼지갈비
축산/계란,돼지고기,갈은 돼지고기
축산/계란,돼지고기,다진 돼지 앞다리살
축산/계란,돼지고기,다진 돼지고기
축산/계란,돼지고기,다진돼지고기
축산/계란,돼지고기,돈민찌
축산/계란,돼지고기,돈육
축산/계란,돼지고기,돈육다짐육
축산/계란,돼지고기,돼지고기
축산/계란,돼지고기,돼지고기 갈은것
축산/계란,돼지고기,돼지고기 다진 것
축산/계란,돼지고기,돼지고기 등심
축산/계란,돼지고기,돼지고기 목심
축산/계란,돼지고기,돼지고기 밑간 간장
축산/계란,돼지고기,돼지고기 삼겹살
축산/계란,돼지고기,돼지고기갈은것
축산/계란,돼지고기,돼지고기다진것
축산/계란,돼지고기,돼지고기등심 채썬 것
축산/계란,돼지고기,돼지고기목살
축산/계란,돼지고기,돼지고기사태
축산/계란,돼지고기,돼지고기살코기
축산/계란,돼지고기,돼지등심
축산/계란,돼지고기,돼지목살
축산/계란,돼지고기,돼지목살다진것
축산/계란,돼지고기,돼지사태
축산/계란,돼지고기,등심얇게썬것
축산/계란,돼지고기,목살
축산/계란,돼지고기,삼겹살
축산/계란,돼지고기,앞다리살 돈육
축산/계란,돼지고기,완자 다진 돼지고기
축산/계란,돼지고기,육수 돼지고기
축산/계란,돼지고기,찜갈비
축산/계란,돼지고기,채 썬 돼지고기
축산/계란,돼지고기,통삼겹
축산/계란,돼지고기,통삼겹살
축산/계란,돼지고기,한돈
축산/계란,돼지등갈비,돼지등갈비
축산/계란,돼지등뼈,돈등심
축산/계란,돼지머리,돼지머리
축산/계란,돼지소장,돼지 소장
축산/계란,등갈비,등갈비
축산/계란,등뼈,돈 등뼈
축산/계란,떡갈비,떡갈비
축산/계란,메추라기,메추라기
축산/계란,메추리알,메추리알
축산/계란,메추리알,삶은 메추리알
축산/계란,베이컨,베이컨
축산/계란,베이컨,저염베이컨
축산/계란,살라미,저염살라미
축산/계란,소고기,갈은 소고기
축산/계란,소고기,다진 소고기
축산/계란,소고기,다진 쇠고기
축산/계란,소고기,다진 쇠고기 등심
축산/계란,소고기,다진소고기
축산/계란,소고기,다진쇠고기
축산/계란,소고기,소
축산/계란,소고기,소 다진 쇠고기
축산/계란,소고기,소 채끝살
축산/계란,소고기,소고기
축산/계란,소고기,소고기 등심
축산/계란,소고기,소고기 안심
축산/계란,소고기,소고기 양지
축산/계란,소고기,소고기 우둔살
축산/계란,소고기,소고기등심
축산/계란,소고기,소고기우둔살
축산/계란,소고기,소고기패티
축산/계란,소고기,소등심
축산/계란,소고기,소불고기
축산/계란,소고기,소안심살
축산/계란,소고기,쇠갈비
축산/계란,소고기,쇠갈비살
축산/계란,소고기,쇠고기
축산/계란,소고기,쇠고기 등심
축산/계란,소고기,쇠고기 안심살
축산/계란,소고기,쇠고기 양지
축산/계란,소고기,쇠고기갈은것
축산/계란,소고기,쇠고기갈을건
축산/계란,소고기,쇠고기구이용
축산/계란,소고기,쇠고기다진것
축산/계란,소고기,쇠고기등심
축산/계란,소고기,쇠고기사태
축산/계란,소고기,쇠고기사태살
축산/계란,소고기,쇠고기살코기
축산/계란,소고기,쇠고기샄코기
축산/계란,소고기,쇠고기안심
축산/계란,소고기,쇠고기양지
축산/계란,소고기,쇠고기우둔살
축산/계란,소고기,쇠고기우둔살 다진 것
축산/계란,소고기,쇠고기육수
축산/계란,소고기,쇠우둔살
축산/계란,소고기,스테이크
축산/계란,소고기,아롱사태
축산/계란,소고기,안심
축산/계란,소고기,얇게 썬 쇠고기
축산/계란,소고기,양지육
축산/계란,소고기,우민찌
축산/계란,소고기,우삼겹
축산/계란,소고기,우육
축산/계란,소고기,육수 쇠고기
축산/계란,소고기,차돌박이
축산/계란,소고기,채 썬 쇠고기
축산/계란,소꼬리,쇠꼬리
축산/계란,소시지,건강생각프랑크그릴
축산/계란,소시지,소시지
축산/계란,소시지,후랑크소시지
축산/계란,오리고기,오리고기
축산/계란,족발,양념족발
축산/계란,쪽갈비,쪽갈비
축산/계란,콩고기,콩고기
축산/계란,햄,건강생각햄
축산/계란,햄,슬라이스 햄
축산/계란,햄,슬라이스햄
축산/계란,햄,우리팜델리
축산/계란,햄,저염스모크햄
축산/계란,햄,저염햄
축산/계란,햄,햄
축산/계란,햄,햄다진것
축산/계란,훈제오리,훈제오리가슴살
커피/차,계피,계피
커피/차,귤병,귤병
커피/차,녹차,가루녹차
커피/차,녹차,녹차 우린 물
커피/차,녹차,녹차가루
커피/차,녹차,녹차티백
커피/차,녹차,잎녹차
커피/차,로즈마리,건 로즈마리
커피/차,로즈마리,건로즈마리
커피/차,바질,건 바질
커피/차,바질,건바질
커피/차,커피,진한 커피
커피/차,커피,커피
커피/차,타임,건타임
